INSERT INTO filmy (id, nazwa, czas_trwania, ocena, rok_premiery) VALUES
(1, "Detektyw Pikachu", 130, 3.9, 2019),
(2, "Tolkien", 119, 3.7, 2019),
(3, "Skazani na Shawshank", 133, 4.9, 1994),
(4, "John Wick", 101, 3.4, 2014),
(5, "Ogniem i mieczem", 175, 3.4, 1999),
(6, "Projekt X", 88, 3.2, 2012),
(7, "Matrix", 136, 3.7, 1999),
(8, "Incepcja", 148, 4.2, 2010),
(9, "Szósty zmys³", 107, 3.8, 1999),
(10, "Barbie: Ksiê¿niczka i Piosenkarka", 86, 3.1, 2012);

-- has³a: 'YouShallNotPass!1'
INSERT INTO uzytkownicy (id, nazwa_uzytkownika, ukryte_haslo, imie, nazwisko, email, data_urodzenia) VALUES
(1, "sowinho", "ae7f14e4de6f9469ae624a0ad03994b61e24b0eaa0354ab7bcfa10cc196025ef", "Jacek", "Sowa", "jacek.sowa@gmail.com", '2003-12-31'),
(2, "makumba", "ae7f14e4de6f9469ae624a0ad03994b61e24b0eaa0354ab7bcfa10cc196025ef", "Tomasz", "Rutkowski", "tomekr@gmail.com", '2000-04-16'),
(3, "mleczko123", "ae7f14e4de6f9469ae624a0ad03994b61e24b0eaa0354ab7bcfa10cc196025ef", "Miko³aj", "Mleczko", "mleko@wp.pl", '2001-02-20');

INSERT INTO seanse (id, id_filmu, kiedy) VALUES
(1,1,'2019-06-30 08:00:00'),
(2,1,'2019-06-30 15:00:00'),
(3,1,'2019-07-01 12:00:00'),
(4,2,'2019-06-28 12:00:00'),
(5,2,'2019-06-28 21:00:00'),
(6,1,'2019-07-02 18:00:00'),
(7,2,'2019-06-27 08:00:00'),
(8,3,'2019-06-27 12:00:00'),
(9,3,'2019-06-27 15:00:00'),
(10,3,'2019-06-28 15:00:00'),
(11,4,'2019-06-29 08:00:00'),
(12,4,'2019-06-30 12:00:00'),
(13,4,'2019-07-01 15:00:00'),
(14,5,'2019-06-30 21:00:00'),
(15,5,'2019-06-01 08:00:00'),
(16,5,'2019-07-02 21:00:00'),
(17,6,'2019-07-03 08:00:00'),
(18,6,'2019-07-04 08:00:00'),
(19,6,'2019-07-05 08:00:00'),
(20,7,'2019-06-29 12:00:00'),
(21,7,'2019-06-30 08:00:00'),
(22,7,'2019-07-04 12:00:00'),
(23,8,'2019-07-04 15:00:00'),
(24,8,'2019-07-05 12:00:00'),
(25,8,'2019-07-06 08:00:00'),
(26,9,'2019-07-04 21:00:00'),
(27,9,'2019-07-07 08:00:00'),
(28,10,'2019-07-07 15:00:00'),
(29,10,'2019-07-06 21:00:00'),
(30,10,'2019-07-08 08:00:00');

INSERT INTO miejsca (id, rzad, numer) VALUES
(1,1,1),
(2,1,2),
(3,1,3),
(4,1,4),
(5,1,5),
(6,1,6),
(7,1,7),
(8,1,8),
(9,1,9),
(10,1,10),
(11,1,11),
(12,1,12),
(13,2,1),
(14,2,2),
(15,2,3),
(16,2,4),
(17,2,5),
(18,2,6),
(19,2,7),
(20,2,8),
(21,2,9),
(22,2,10),
(23,2,11),
(24,2,12),
(25,3,1),
(26,3,2),
(27,3,3),
(28,3,4),
(29,3,5),
(30,3,6),
(31,3,7),
(32,3,8),
(33,3,9),
(34,3,10),
(35,3,11),
(36,3,12),
(37,4,1),
(38,4,2),
(39,4,3),
(40,4,4),
(41,4,5),
(42,4,6),
(43,4,7),
(44,4,8),
(45,4,9),
(46,4,10),
(47,4,11),
(48,4,12),
(49,5,1),
(50,5,2),
(51,5,3),
(52,5,4),
(53,5,5),
(54,5,6),
(55,5,7),
(56,5,8),
(57,5,9),
(58,5,10),
(59,5,11),
(60,5,12),
(61,6,1),
(62,6,2),
(63,6,3),
(64,6,4),
(65,6,5),
(66,6,6),
(67,6,7),
(68,6,8),
(69,6,9),
(70,6,10),
(71,6,11),
(72,6,12),
(73,7,1),
(74,7,2),
(75,7,3),
(76,7,4),
(77,7,5),
(78,7,6),
(79,7,7),
(80,7,8),
(81,7,9),
(82,7,10),
(83,7,11),
(84,7,12),
(85,8,1),
(86,8,2),
(87,8,3),
(88,8,4),
(89,8,5),
(90,8,6),
(91,8,7),
(92,8,8),
(93,8,9),
(94,8,10),
(95,8,11),
(96,8,12),
(97,9,1),
(98,9,2),
(99,9,3),
(100,9,4),
(101,9,5),
(102,9,6),
(103,9,7),
(104,9,8),
(105,9,9),
(106,9,10),
(107,9,11),
(108,9,12),
(109,10,1),
(110,10,2),
(111,10,3),
(112,10,4),
(113,10,5),
(114,10,6),
(115,10,7),
(116,10,8),
(117,10,9),
(118,10,10),
(119,10,11),
(120,10,12);

INSERT INTO rezerwacje (id, id_seansu, id_uzytkownika) VALUES
(1,13,2),
(2,15,3),
(3,30,3),
(4,20,1),
(5,18,1),
(6,23,2),
(7,2,2),
(8,5,2),
(9,9,1),
(10,26,3);

INSERT INTO miejsca_rezerwacje (id, id_rezerwacji, id_miejsca) VALUES
(1,1,113),
(2,1,114),
(3,1,115),
(4,2,69),
(5,3,54),
(6,3,55),
(7,4,65),
(8,4,66),
(9,4,67),
(10,5,69),
(11,5,70),
(12,6,44),
(13,6,45),
(14,6,46),
(15,7,55),
(16,7,56),
(17,8,88),
(18,8,89),
(19,9,44),
(20,9,45),
(21,9,46),
(22,10,33),
(23,7,111),
(24,7,112),
(25,7,113),
(26,7,114),
(27,7,115),
(28,7,116),
(29,7,117),
(30,7,118),
(31,7,100),
(32,7,101),
(33,7,102),
(34,7,103),
(35,7,104);
